{
    "MSE": 0.11716968566179276,
    "MAE": 0.18638886511325836,
    "Pearson_r": 0.10295207053422928,
    "Spearman_rho": 0.1242118099037776,
    "R2": -0.040616750717163086
}