{
    "chromosome": "chr19",
    "n_samples": 3048,
    "MSE": 0.09866148978471756,
    "MAE": 0.26203107833862305,
    "Pearson_r": 0.43510696291923523,
    "Spearman_rho": 0.4497944481772174,
    "R2": 0.1460798978805542
}